id,title,author,publisher,pubplace,keywords,date
B28469,Proposals to the Parliament for redress of the common calamity attending these kingdoms at present in coyn and trade.,Anonymous,printed for the Widow Whitlock near Stationers Hall,London,"Money --  England --  Early works to 1800. -- Coinage --  England --  Early works to 1800. -- Counterfeits and counterfeiting --  England --  Early works to 1800. -- Adulterated coins --  England --  Early works to 1800. -- Finance, Public --  Early works to 1800. -- Foreign exchange --  England --  Early works to 1800.",1696
B11307,"The essayes or counsels, ciuill and morall, of Francis Lo. Verulam, Viscount St. Alban","Bacon, Francis, 1561-1626.; Bacon, Francis, 1561-1626.",Printed by Iohn Haviland for Hanna Barret,London,No Keywords,1625
B14949,"July. 16. Numb. 9. The continuation of the most remarkable occurrences of newes, since the 4 of Iune, vntill this present. 1630 Containing, amongst diuers others, these particulars. The preparation and landing of the King of Sweden in Germany, with a mighty army, against the emperour: together with a list of his whole army, horse and foot. A late skirmish and ouerthrow giuen by the States forces, to Count Iohn of Nassaw, himselfe being taken prisoner, being sore hurt: together with diuers men of note neare Wesel. Newes of the arriuall of the two Spanish plate fleets at the Havanna, with the Gargazin of their lading and riches. The great ielousie of the emperour, of the Turkes comming into Hungary, with the great cruelty of the said Turkes, vsed against certaine merchants of Hungary. The arriuall of diuers Dutch ships; richly laden, both from East-Indies, and from Farnambuco together with many other particulars, both from Italy Sauoy, France, and the Low-Countries.","Butter, Nicholas, d. 1664, publisher.; Bourne, Nicholas, publisher.; Purslowe, George, d. 1632. printer.",printed by G Purslowe for Nicholas Bourne dwelling at the South entrance of the Royall Exchange,London,"Thirty Years' War, 1618-1648 --  Early works to 1800. -- Europe --  History --  17th century --  Newspapers --  Early works to 1800.",1630
B14953,"Septemb. 2. Numb. 37. The continuation of our forraine avisoes, from the 20. of the last moneth to this present Containing the confirmation of the newes published the 20.th of August, concerning the severall encounters betwixt the King of Sweden and General Tilly, with the three dayes welcome given him, upon his project of nayling the K. of Sweden ordnance. An apologie of the King of Swedens (formerly published in the Dutch) not vnfit to give satisfaction to the world, concerning his not releeving of the citie Magdenburgh, wherein you shall finde a briefe relation of the Kings proceeding ever since hee began the warre in Germanie. The landing of the L. Generall, the Marquis Hamilton at Stralsunt, with all his men sound and well.","Butter, Nicholas, d. 1664, publisher.; Bourne, Nicholas, publisher.",printed for Nath Butter and Nicholas Bourne,London,"Thirty Years' War, 1618-1648 --  Early works to 1800. -- Europe --  History --  1517-1648 --  Early works to 1800.",1631
B14965,"September 1. Numb. 42. The continuation of our weekely avisoes, since the 23. of the last, to the first of this present Conteining amonst the rest, these particulars following. A patheticall speech made by the King of Sweden to his commaunders and captaines, vpon occasion of some misdemeanors committed by the souldiers. The confirmation of the burning of the Walsteyn and Bavarian magazen at Fryenstadt, together with the defeat given vnto some imperiall regiments at the same time. The taking of great Glogaw and Breslaw, with other townes in Silesia, by the nixt forces of the Swedes, Saxons and Brandenburgers. The preparation of the King of Sweden by (command of a generall fast throughout the whole army, and in the city of Norimberg) to goe vpon some great designe, most of his forces being come to him. Something concerning France, and the troubles there.","Butter, Nathaniel, d. 1664, publisher.; Bourne, Nicholas, publisher.; Dawson, John, printer.",printed by I ohn D awson for Nathaniel Butter and Nicholas Bourne,London,"Gustaf, A. --  II, Adolf, --  King of Sweden 1594-1632 --  Early works to 1800. -- Thirty Years' War, 1618-1648 --  Early works to 1800. -- Europe --  History --  1517-1648 --  Newspapers --  Early works to 1800.",1632
B14956,"Aprill 28. Numb. 20. The continuation of our forraine avisoes, since the 24. ditto Conteining many very remarkeable passages concerning Germany, Italy, France, the Low Countries, &c. As namely, the popes deniall to furnish the emperour with money. Discontents betwixt the emperour, and the Prince of Transilvania. A more particular relation of the King of Swedens routing of Generall Tilly neare Ausburgh. His maiesties further proceedings since then, and of his taking in of these townes Ginsburgh, Lawingen, Hoogstadt; Dillingen, Grundelingen, Windelingen, Elching, Kirberg, Oberendorfe. A pretty passage betwixt the King of Sweden and one of Tillies sentinels. The restoring of the Protestant religion at Donawert, and rendring of divers cities and townes in Bavaria, to his Maistie of Sweden. With many other particulars from divers other places.","Butter, Nathaniel, d. 1664, publisher.; Bourne, Nicholas, publisher.; Dawson, John, printer.",printed by J Dawson for Nath Butter and Nicolas Bourne,London,"Gustav, --  II, Adolf, --  King of Sweden --  Early works to 1800. -- Thirty Years' War, 1618-1648 --  Early works to 1800. -- Europe --  History --  1517-1648 --  Newspapers --  Early works to 1800.",1632
B14960,"Iune 23. 1632. Numb. 29. The continuation of our forraine avisoes, since the 16. of this present The continuance of the troubles at Constantinople. The differences in Polonia, about the choyce of a new King. The articles between the King of Sweden and the Duke of Bavaria. A letter of the French kings, relating the troubles betwixt his majestie and the Duke of Loraine. Some Low-Country passages about the present state of the warres there. The rendition of Prague to the Emperour vpon conditions. Some late passages of the King of Sweden in Bavaria. Also, the pursuite of the Spanish by the Swedish in the Palatinate.","Butter, Nathaniel, d. 1664, publisher.; Bourne, Nicholas, publisher.; Dawson, John, printer.",printed by John Dawson for Nathaniel Butter and Nicolas Bourne,London,"Gustav, --  II, Adolf, --  King of Sweden --  Early works to 1800. -- Thirty Years' War, 1618-1648 --  Early works to 1800. -- Europe --  History --  1517-1648 --  Early works to 1800.",1632
B15513,"A most true and lamentable report, of a great tempest of haile which fell vpon a village in Kent, called Stockbery, about three myles from Cittingborne, the nintenth day of Iune last past. 1590. Whereby was destroyed great abundance of corne and fruite, to the impouerishing and vndoing of diuers men inhabiting within the same villages.",Anonymous,Printed by J Wolfe for the widow of Thomas Butter,London,"Storms --  England --  Early works to 1800. -- Stockbury, England --  Storms --  Early works to 1800.",1590
B14954,"Ianuary 12. Numb. 6. The continuation of our vveekely avisoes, since the 2. ditto to the 12. of the same Containing amongst divers other things these particulars following; the arrivall of the Queene of Sweden at the citie of Wittenburg, where a few houres after came a messenger from the King of Sweden, that presented her with these particulars following. An image of the child Iesus of pure gold ... and another image of S. Martin of pure gold; all which amongst other he had taken, being ornaments of popish churches. The present state of Tillyes armie ... The rendring of the citie of Mentz, and Oppenheym, with the taking of that castle by assault, with the articles of agreement vpon the former rendring. The cruell and barbarous behaviour of the Spanisp [sic] towards all the townes which they doe forsake before they depart away from them. The King of Sweden hath lately taken in the Palatinate these townes; Oppenheym, Crutznatk, Bagrag, Ladenburg, Slakenburg, and all the Bergstraight ...","Butter, Nathaniel, d. 1664, publisher.; Bourne, Nicholas, publisher.; Dawson, John, printer.",printed by John Dawson for Nath Butter and Nicolas Bourne,London,"Thirty Years' War, 1618-1648 --  Early works to 1800. -- Europe --  History --  17th century --  Newspapers --  Early works to 1800.",1632
B14958,"Iune 6. Numb. 26. The continuation of our forraine avisoes, since the 28. of the last moneth, to this present 1. The care of the old King and State of Poland, to provide for the defence of Lituania, and the confines, against the present invasion of the Muscovite. 2. The like care of the late King of Poland, for the governement of that kingdome in the interregnum, (being sicke) if in case he should die, and of his death on the 29. of Aprill following. 3. The names of some of the competitors which doe now labour to make a faction to be elected king. 4. The latest and best confirmed newes of the King of Sweden his proceeding in Bavaria, and of those cruelties vsed by the mutinous Boores against some of the Swedes, whereupon the King hath beene forced to punish that country, more then hee hath done any place, since he came into Germany [...]","Butter, Nathaniel, d. 1664, publisher.; Bourne, Nicholas, publisher.; Dawson, John, printer.",printed by John Dawson for Nathanaell Butter and Nicolas Bourne,London,"Gustav, --  II, Adolf, --  King of Sweden --  Early works to 1800. -- Thirty Years' War, 1618-1648 --  Early works to 1800. -- Europe --  History --  1517-1648 --  Early works to 1800.",1632
B14976,"Cent. 3. Numb. 48. The continuation of the forraine occurents for 5. weekes last past, containing many very remarkable passages of Germanie, France, Spaine, Italy, Sweden, the Low-Countries, and other parts of the world Amongst which are these following particulars. 1. The rebellion and falling away of Catalonia confirmed, with their conjunction with the French. 2. The revolt and crowning of a new King of Portugall (the Duke of Briganza) by the name of Iohn the Fourth. 3. The proceedings of Bannier and the Swedish armies in Germany. 4. The taking of Carthagena and the plate fleet in the harbour there by the Hollanders. 5. What hath lately passed at the Dyet at Ratisbone. Examined and licenced by a better and more impartiall hand then heretofore.","Butter, Nathaniel, d. 1664, publisher.",for Nath Butter dwelling at St Austins Gate,London Printed Ianuary 11 1640,"Thirty Years' War, 1618-1648 --  Early works to 1800. -- Europe --  History --  1517-1648 --  Newspapers --  Early works to 1800.",1640
B00565,The meane in mourning. A sermon preached at Saint Maryes Spittle in London on Tuesday in Easter weeke. 1595. / By Thomas Playfere Doctor of Diuinitie.,"Playfere, Thomas, 1561?-1609.; Playfere, Thomas, 1561?-1609.",Printed by the Widow Orwin for Andrew Wise dwelling in Paules Church yeard at the sign of the Angel,At London,"Bible. --  N.T. --  Luke XXIII --  Sermons. -- Sermons, English --  16th century.",1596
B00832,"The lives of saints written in Spanish, by the learned and reuerend father Alfonso Villegas, diuine and preacher. ; Translated out of Italian into English, and conferred with the Spanish. By W. & E.K. B..","Villegas, Alfonso de.; Villegas, Alfonso de.; Ribadeneyra, Pedro de, 1526-1611.; Kinsman, Edward.; Kinsman, William.",By the widow of Laurence Kellam at the signe of the holy Lambe,Printed at Doway,Christian saints --  Biography --  Early works to 1800.,1614
B07699,"Certaine reasons, proouing the separation, commonly called Brownists, to be schismatiques. By William Gilgate, minister of the Word of God..","Gilgate, William,; Gilgate, William,; Stansby, William, fl. 1597-1638, printer.; Butter, Nathaniel, d. 1664, bookseller.",Printed by W Stansby for Nathaniel Butter and are to be sold at his shop neare St Augustines gate at the signe of the Pyde Bull,London,"Brownists --  Early works to 1800. -- Dissenters, Religious --  Early works to 1800.",1600
B00272,"A poore mans mite. A letter of a religious man of the Order of Saint Benedict, vnto a sister of his, concerning the rosarie or psalter of our blessed Ladie, commonly called the Beades.","Batt, Antonie.; Batt, Antonie.",Widow of M Wyon,Douai,Catholic Church --  Customs and practices --  Early works to 1800. -- Rosary --  Early works to 1800.,1639
A73454,"[Relation of sixtene martyrs glorified in England in twelve moneths] [with a declaration, that English catholiques suffer for the catholique religion, and that the seminarie priests agree with the Jesuites / by Thomas Worthington]","Worthington, Thomas, 1549-1627.; Worthington, Thomas, 1549-1627.",By the widow of James Boscard,Printed at Doway,Martyrs --  England. -- Anti-Catholicism --  England. -- Great Britain --  Church history --  17th century.,1601
A73031,"Certain godly and learned sermons, preached by that worthy seruant of Christ M. Ed. Philips in S. Sauiors in Southwarke: vpon the whole foure first chapters of Matthew, Luc. 11. vers. 24. 25. 26. Rom. 8. the whole, 1. Thess. 5. 19. Tit. 2. 11. 12. Iames 2. from the 20. to the 26. and 1. Ioh. 3. 9. 10. And were taken by the pen of H. Yeluerton of Grayes Inne Gentleman","Philips, Edward.; Philips, Edward.; Yelverton, Henry, Sir, 1566-1629.",Printed by Arn Hatfield for Elizabeth Burbie widow and are to be sold at her shop in Pauls Church yard at the signe of the Swanne,London,"Sermons, English --  17th century. -- Sermons, English --  16th century.",1607
A73288,"VVaters of Marah, and Meribah: or, the source of bitternes, and strife, sweetned and allayed by way of aduice, refutation, censure, against the pseudo-zelots of our age: by Humphrey Sydenham, master of arts, late fellow of Wadham Colledge in Oxford.","Sydenham, Humphrey, 1591-1650?; Sydenham, Humphrey, 1591-1650?",printed by Elizabeth Allde for Nathaniel Butter,London,"Sermons, English --  17th century.",1630
A72216,The second booke of the dialogues of S. Gregorie the Greate the first pope of that name containing the life and miracles of our Holie father S. Benedict. To which is adioined the fule of the same holie patriarche translated into the Englishe tonge by C.F. priest & monke of the same order.,"Gregory I, Pope, ca. 540-604.; Gregory I, Pope, ca. 540-604.; Batt, Antonie.; Fursdon, John, d. 1638.; Gregory I, Pope, ca. 540-604. Short treatise touching the confraternitie of the scapular of St. Benedicts order.",by the widow of F Wyon Permissu superiorum,Douai,"Benedict, --  Saint, Abbot of Monte Cassino --  Early works to 1800. -- Saints --  Early works to 1800. -- Miracles --  Early works to 1800.",1638
A69101,"[Almanake and pronostication for the yeare of our lorde MCCCCC, and XXXVII]","Seyfridt, George.; Seyfridt, George.",Widow of C Ruremond,Antwerp,"Almanacs, English --  Early works to 1800.",1537
A60135,"God's thoughts and ways above ours, especially in the forgiveness of sins in several sermons upon Isaiah LV. 7,8,9 / by John Shower.","Shower, John, 1657-1715.; Shower, John, 1657-1715.",Printed by the Widow Astwood for John Lawrence,London,"Bible. --  O.T. --  Isaiah LV, 7-9 --  Sermons. -- Forgiveness of sin.",1699
A69145,"The progenie of Catholicks and Protestants Whereby on the one side is proued the lineal descent of Catholicks, for the Roman faith and religion, from the holie fathers of the primitiue Church ... and on the other, the neuer-being of Protestants or their nouel sect during al the foresayd time, otherwise then in confessed and condemned hereticks. ...","Anderton, Lawrence.; Anderton, Lawrence.",By the widow of Nicolas Courant,At Rouen,Protestantism --  Controversial literature.,1633
A68126,"The vvorks of Ioseph Hall Doctor in Diuinitie, and Deane of Worcester With a table newly added to the whole worke.","Hall, Joseph, 1574-1656.; Hall, Joseph, 1574-1656.; Lo., Ro.",Printed by John Haviland Miles Flesher and John Beale for Nath Butter Thomas Pavier Miles Flesher John Haviland George Winder and Hanna Barret,London,No Keywords,1625
A60131,"An exhortation to repentance, and union among Protestants, or, A discourse upon the burden of Dumah","Shower, John, 1657-1715.; Shower, John, 1657-1715.",Printed for the Widow Swart,London,"Bible. --  O.T. --  Isaiah XXI, 11-12 --  Criticism, interpretation, etc. -- Devotional literature, English --  Early works to 1800. -- Repentance --  Protestantism.",1688
A52394,"Baptism discovered plainly & faithfully according to the word of God. Wherein is set forth the glorious pattern of our blessed saviour Jesus Christ, the pattern of all believers in his subjection to baptism. Together, with the example of thousands who were baptized after they believed. By John Norcott, late servant of Jesus Christ, and of his church. The third edition, corrected by Will. Kiffin, and Rich. Claridge. With an appendix by another hand.","Norcott, John, d. 1676.; Norcott, John, d. 1676.; Claridge, Richard, 1649-1723.; Kiffin, William, 1649-1723.",Printed at Rotterdam and now re printed at London by the assigns of Widow Norcott and sold by Will Marshal at the Bible in Newgate street,London,Baptism --  Early works to 1800.,1694
A15508,"Charity mistaken, with the want whereof, Catholickes are vniustly charged for affirming, as they do with grief, that Protestancy vnrepented destroies salvation.","Knott, Edward, 1582-1656.; Knott, Edward, 1582-1656.; Matthew, Tobie, Sir, 1577-1655, attributed author.; Potter, Christopher, 1591-1646.; Potter, Christopher, 1591-1646. Want of charitie justly charged.",Widow of C Boscard,Saint Omer,Catholic Church --  Controversial literature --  Early works to 1800.,1630
A14284,"A plaine and perfect method, for the easie vnderstanding of the whole Bible containing seauen obseruations, dialoguewise, betweene the parishioner, and the pastor.","Vaughan, Edward, preacher at St. Mary Woolnoth.; Vaughan, Edward, preacher at St. Mary Woolnoth.",Printed by T S nodham for the widow A Helme and are to be sould at her shop in S Dunstans Church yard in Fleetstreet,London,Bible --  Study and teaching --  Early works to 1800.,1617
A18475,"A true discourse of all the royal passages, tryumphs and ceremonies, obserued at the contract and mariage of the high and mighty Charles, King of Great Britaine, and the most excellentest of ladies, the Lady Henrietta Maria of Burbon, sister to the most Christian King of France Together with her iourney from Paris to Bulloigne, and thence vnto Douer in England, where the King met her, and the manner of their enterview. As also the tryumphant solemnities which passed in their iournies from Douer to the citie of London, and so to Whitehall, &c.",Anonymous,Printed by Iohn Hauiland for Hanna Barret,London,"Charles --  I, --  King of England, 1600-1649 --  Early works to 1800. -- Henrietta Maria, --  Queen, consort of Charles I, King of England, 1609-1669 --  Early works to 1800.",1625
A12582,Here begynnyth a traetys callyde the Lordis flayle handlyde by the bushops powre thresshere Thomas Solme,"Some, Thomas, b. ca. 1510.; Some, Thomas, b. ca. 1510.",By me Theophyll Emlos vndere the sygne of sente Peters kay i e widow of C Ruremund,Printyde at Basyl i e Antwerp,Ten Commandments --  Early works to 1800.,1540
A13271,Sermons by Humph. Sydenham late fellow of Wadham Colledge in Oxford,"Sydenham, Humphrey, 1591-1650?; Sydenham, Humphrey, 1591-1650?",Printed by William Stansby Felix Kingston and Elizabeth Allde for Nathaniel Butter at Saint Austens Gate,London,"Sermons, English --  17th century.",1630
A11370,"A wounderfull prophecie or pronosticatio[n] begynnynge from the yere of oure Lorde M.D.XXXI. to the lawde and prayse of the moost victoryous Emperowre Charles the fyfthe of that name borne within the triumpha[n]t towne of Gandt, in the golden yere .M.D. vppo[n] the .xxiiij. daye of February, whiche daye is neyther named nor no[m]bred, because it was in the leapeyere pronostycate by Master Salomon the Jewe, [and] physician greatly soundynge to the honour of God and lawde of the famous towne of Gandt.","Salomon, Dr., of Ruhrmond.; Salomon, Dr., of Ruhrmond.",Widow of C Ruremond,Antwerp,No Keywords,1543
A17012,"The ecclesiasticall historie of Great Britaine deduced by ages, or centenaries from the natiuitie of our Sauiour, vnto the happie conuersion of the Saxons, in the seuenth hundred yeare; whereby is manifestly declared a continuall succession of the true Catholike religion, which at this day is professed & taught in, and by the Roman Church. Written. by Richard Broughton. The first tome containing the fower hundred first yeares. To which are annected for the greater benefite of the reader ample indexes ...","Broughton, Richard.; Broughton, Richard.",By the widowe of Marke Wyon at the signe of the Phœnix,At Doway,"Catholic Church. --  Great Britain --  Early works to 1800. -- Great Britain --  Church history --  To 449 --  Early works to 1800. -- Great Britain --  Church history --  Anglo Saxon period, 449-1066 --  Early works to 1800.",1633
A17889,"The spirituall director disinteressed According to the spirit of B. Francis of Sales, Bishop and Prince of Geneua, Institutor of the Order of the Visitation of our Bl. Lady. By the most Reuerend Father in God Iohn Peter Camus, Bishope of Belley. Translated out of French by A.B.","Camus, Jean-Pierre, 1584-1652.; Camus, Jean-Pierre, 1584-1652.; A. B.",Printed by the widow Blageart,At Roan i e Paris,"Francis, --  de Sales, Saint, 1567-1622. --  Philothea --  Early works to 1800. -- Spiritual directors --  Early works to 1800.",1633
A17887,A draught of eternitie. Written in French by Iohn Peter Camus Bishope of Belley. Translated into English by Miles Car preist of the English Colledge of Doway,"Camus, Jean-Pierre, 1584-1652.; Camus, Jean-Pierre, 1584-1652.; Carre, Thomas, 1599-1674.",By the widowe of Marke Wyon at the signe of the Phœnix,At Doway,Eternity --  Early works to 1800.,1632
A14357,"M. le Hucher minister of Amyens in France compelled to fly from the pure word of holy write; strucke dumme; and made to runne away Vppon the subiect of the B. Sacrament of the altar. By F. Francis Veron of the Society of Iesus, encountring him with the Bible of Geneua only. In the presence of the Duke de Longueuille. VVith a briefe and easie meanes, by which each Catholike may, in like manner, put to flight any minister or sectarie. Sent from Sieur de la Tour one of the sayd Dukes gentlemen, to Sieur de Rotois, gentleman of the Kings game.","Véron, François, 1575-1649.; Véron, François, 1575-1649.; Catcher, Edward, 1584?-1624?",Widow of L Kellam,Printed Douai,"Le Hucher, Adrien --  Early works to 1800. -- Catholic Church --  Controversial literature --  Early works to 1800.",1616
A13230,"The German history continued. The seventh part. Wherein is conteyned the principall passages of the last summer. ... With the siege and taking of Regenspurg, as also the siege and battell of Norlingen, with an exact mappe thereof. Lastly is added certaine misselanies of stories of most parts of Christendome. All which is done not by the former, but another author","N. C.; N. C.; Watts, William, 1590?-1649. Swedish intelligencer.",Printed by Thomas Harper Miles Flesher Elizabeth Allde and John Dawson for Nathaniel Butter and Nicholas Bourne,London,"Thirty Years' War, 1618-1648 --  Early works to 1800.",1634
A15346,"The summe of a sermon, preached at Sowthell the thirtith of March. 1596. By T.W.","T. W. (Thomas Wilcox), 1549?-1608.; T. W. (Thomas Wilcox), 1549?-1608.",Printed by the Widow Orwin for Thomas Man,London,"Sermons, English --  16th century.",1597
A10877,"A short and sure way to heauen, and present happines Taught in a treatise of our conformity with the will of God. Written by the Reuerend Father Alfonsus Rodriguez of the Society of Iesus, in his worke intituled, The exercise of perfection and Christian vertue. Translated out of Spanish.","Rodríguez, Alfonso, 1526-1616.; Rodríguez, Alfonso, 1526-1616.; I. C., fl. 1630.",Printed by the widow of C Boscard,Saint Omer,Catholic Church --  Discipline --  Early works to 1800. -- Christian life --  Catholic authors --  Early works to 1800. -- Perfection --  Catholic Church --  Early works to 1800. -- Asceticism --  Catholic Church --  Early works to 1800. -- Christian ethics --  Catholic authors --  Early works to 1800.,1630
A19887,"A royall edict for military exercises published in a sermon preached to the captaines, and gentlemen that exercise armes in the artillery garden at their generall meeting. In Saint Andrewes vndershaft, in London, Iune 23. 1629. By Iohn Dauenporte, B. of Diuinity, and P. of Saint Stephans in Cole-man-street in London.","Davenport, John, 1597-1670.; Davenport, John, 1597-1670.",Printed by Elizabeth Allde for Ralph Mab and are to be sold by Nicholas Bourne at the south entrance of the Royall Exchange,London,"Sermons, English --  17th century.",1629
A16707,"Virginalia. or Spirituall sonnets in prayse of the most glorious Virgin Marie vpon euerie seuerall title of her litanies of Loreto: all or most part of the principall passages therein confirmed by the euident testimonies of the ancient fathers, to preuent the obiections of such, as vsually detract from her deserued prayses. By I.B.","I. B., fl. 1632.; I. B., fl. 1632.; Anderton, Lawrence, attributed name.; Anderton, James, fl. 1624, attributed name.",Printed with licence by the widow of N Courant,Rouen,"Mary, --  Blessed Virgin, Saint --  Poetry.",1632
A18352,"The iust mans memoriall Cuius memoria in benedictionibus. To the pretious and immortall memory of the Right Honourable and truely noble Lord, William Earle of Pembroke. As it was deliuered in a sermon at Baynards Castle, before the interment of the body.","Chaffinge, Thomas, ca. 1581-1646.; Chaffinge, Thomas, ca. 1581-1646.",Printed by Elizabeth Allde for Nathaniel Butter,London,"Pembroke, William Herbert, --  3d Earl of, 1580-1630 --  Sermons. -- Sermons, English --  17th century.",1630
A08047,"Of the eternall felicity of the saints fiue bookes. Writen in Latin by the most illustrious Cardinall Bellarmine, of the Society of Iesus. And translated into English by A.B. Permissu superiorum.","Bellarmino, Roberto Francesco Romolo, Saint, 1542-1621.; Bellarmino, Roberto Francesco Romolo, Saint, 1542-1621.; Everard, Thomas, 1560-1633.; Bellarmino, Roberto Francesco Romolo, Saint, 1542-1621. De gemitu columbae  English. Selections. aut",Widow of C Boscard,Saint Omer,Heaven --  Early works to 1800. -- Hell --  Early works to 1800.,1638
A03464,"The Christian exercise of fasting, priuate and publike plainly set forth by testimonies of holy Scriptures, and also of old and late writers: wherein is shewed how religious families priuatly, and the congregations publikely, haue humbled themselues before almightie God, making vse of iudgements past, auoyding euils present, and preuenting future calamities, &c. Together with sundrie abuses of fasting in three generations of hypocrites: the first in the dayes of the prophets: the second in the dayes of Christ: the third in the dayes of Antichrist. Hereunto also are added some meditations on the 1. and 2. chapters of Iob, to comfort and instruct all such as be afflicted with any crosse, either inwardly in minde, or outwardly in bodie. By H. Holland, minister and preacher of Gods word.","Holland, Henry, 1555 or 6-1603.; Holland, Henry, 1555 or 6-1603.",Printed by the widow Orwin for William Young and are to be sold at his shop in Canon lane neere the great north doore of Paules Church at the signe of the white Horse,At London,Bible. --  O.T. --  Job I-II --  Commentaries. -- Fasting --  Early works to 1800.,1596
A03779,"An apologie of infants in a sermon: prouing, by the reuealed will of God, that children preuented by death of their baptisme, by Gods election, may be saued. By W.H. preacher in the Tower of London. Seene and allowed  by authoritie.","Hubbock, William, b. 1560.; Hubbock, William, b. 1560.",Printed by the widowe Orwin for Thomas Man,At London,"Infant salvation --  Early works to 1800. -- Sermons, English --  16th century.",1595
A08104,Lawes and ordinances touching military discipline Set downe and established the 13. of August. 1590. Translated into English by I. D.,"United Provinces of the Netherlands. Staten Generaal.; United Provinces of the Netherlands. Staten Generaal.; Huygens, Christiaan, 1551-1624.; I. D., fl. 1631.",By the widowe heires of the deceased Hillebrand Iacobs van Wouw ordinarie printer to the high and mightie Lords the Stats Generall,Imprinted at the Haghe,No Keywords,1631
A01711,"Certaine sermons, vpon diuers textes of Holie Scripture Whereof some haue been seuerally before published, and other some for the greater benefit of the godly reader are here now added. By M. George Giffard, preacher of the worde of God at Mauldon Essex.","Gifford, George, d. 1620.; Gifford, George, d. 1620.; Gifford, George, d. 1620. A sermon on the parable of the sower. aut; Gifford, George, d. 1620. Two sermons upon I. Peter 5. vers. 8 and 9. aut; Gifford, George, d. 1620. Foure sermons uppon the seven chiefe vertues of faith. aut; Gifford, George, d. 1620. A godlie, zealous, and profitable sermon upon the second chapter of saint James. aut; Gifford, George, d. 1620. A sermon preached at Pauls Crosse the thirtie day of May. aut; Gifford, George, d. 1620. A sermon on the third chapter of Saint Iames. aut",Printed by the Widowe Orwin for Thomas Man,London,"Sermons, English.",1597
A01007,"A paire of spectacles for Sir Humfrey Linde to see his way withall. Or An answeare to his booke called, Via tuta, a safe way wherein the booke is shewed to be a labyrinthe of error and the author a blind guide. By I.R.","Floyd, John, 1572-1649.; Floyd, John, 1572-1649.; Jenison, Robert, 1584?-1652, attributed name.",Printed by the widow of Nicholas Courant Permissu superiorum,Rouen,"Lynde, Humphrey, --  Sir. --  Via tuta. -- Catholic Church --  Apologetic works.",1631
A05338,"Englandes bright honour shining through the darke disgrace of Spaines Catholicon. Seruing as a cleare lantherne, to giue light to the whole world, to guide them by; and let them see, the darke and crooked packing, of Spaine, and Spanish practises. Discoursed in most excellent and learned satires, or briefe and memorable notes, in forme of chronicle. Read, but understand; and then iudge.","T. W. (Thomas Wilcox), 1549?-1608, attributed name.; Leroy, Pierre, Canon of Rouen.; T. W., fl. 1573-1595.",Printed by the widow Orwin and Iohn Deane and are to be sold at his shop in Temple barre,London,"Sainte Ligue (1567-1593) --  Early works to 1800. -- France --  History --  Henry IV, 1589-1610 --  Early works to 1800.",1602
A08054,"Of the seaven last vvordes spoken by Christ vpon the crosse, two bookes. Written in Latin by the most illustrious cardinall Bellarmine, of the Society of Iesus. And translated into English by A.B.","Bellarmino, Roberto Francesco Romolo, Saint, 1542-1621.; Bellarmino, Roberto Francesco Romolo, Saint, 1542-1621.",Widow of C Boscard,Saint Omer,Jesus Christ --  Seven last words.,1638
A09514,"A golden treatise of mentall praier with diuerse spirituall rules and directions, no lesse profitable then necessarie for all sortes of people. First composed by the venerable and blessed father, Fr. Peter de Alcantara, of the Seraphicall Order of S. Francis. Beatified the 18. of Aprill. 1622. Translated into English by G.VV. To vvhich is prefixed a breife relation of the life, and death of the same father vvritten by G.VV. of the same order and obseruance.","Peter, of Alcantara, Saint, 1499-1562.; Peter, of Alcantara, Saint, 1499-1562.; Willoughby, Giles.",By the widowe of Hubert Antone called Velpius sworne printer of the Court at the signe of the golden Eagle by the Palace,At Bruxelles,Meditations --  Early works to 1800.,1632
A00173,The life or the ecclesiasticall historie of S. Thomas Archbishope of Canterbury,"Baronio, Cesare, 1538-1607.; Baronio, Cesare, 1538-1607.; A. B., fl. 1639.",Printed by the widow of J Blageart,Colloniæ i e Paris,"Thomas, --  à Becket, Saint, 1118?-1170. -- Great Britain --  History --  Henry II, 1154-1189 --  Early works to 1800.",1639
A06360,"The life of Gregorie Lopes that great servant of God, natiue of Madrid, written in Spanish by Father Losa curate of the Cathedrall of Mexico. And set out by Father Alonso Remon of the Order of our Lady de la Merced, with some additions of his owne.","Losa, Francisco de, 1536-1624.; Losa, Francisco de, 1536-1624.; White, Thomas, 1593-1676. aut; Remón, Alonso, 1561-1632.",Widow of J Blagaert,Paris,"López, Gregorio, 1542-1596.",1638
A08121,The palme of Christian fortitude. Or The glorious combats of Christians in Iaponia. Taken out of letters of the Society of Iesus from thence. Anno 1624,"Rodrigues, João, 1558-1633.; Rodrigues, João, 1558-1633.; Neville, Edmund, 1605-1647.",Printed by the widow of C Boscard With permission of superiours,Saint Omer,"Jesuits, (Japan) --  Early works to 1800.",1630
A21050,A treatise of benignity written by Father Francis Arias ... in his second parte of the Imitation of Christ our Lord ; translated into English.,"Arias, Francisco.; Arias, Francisco.; Matthew, Tobie, Sir, 1577-1655.",Widow of Charles Boscard with permission of superiours,St Omer France,Jesus Christ --  Example. -- Christian life. -- Kindness --  Religious aspects --  Christianity.,1630
A20154,"The heauenly banquet: or The doctrine of the Lords Supper set forth in seuen sermons. With two prayers before and after the receiuing. And a iustification of kneeling in the act of receiuing. By Iohn Denison, Doctor of Diuinity.","Denison, John, d. 1629.; Denison, John, d. 1629.",Printed by E lizabeth A llde for Robert Allot and are to bee sold by W Brooks within the Turning Stile in Holborne,London,"Sermons, English --  17th century. -- Lord's Supper --  Early works to 1800. -- Posture in worship --  Early works to 1800.",1631
A20860,Nicetas or the triumph ouer incontinencie written in Latin by. F. Hier. Drexelius of the Society of Iesus. And translated into English by. R.S. 1633,"Drexel, Jeremias, 1581-1638.; Drexel, Jeremias, 1581-1638.; Samber, Robert, attributed name.; Stanford, Robert, attributed name.; R. S., gent.",Printed by the widow of N Courant,Rouen,Christian life --  Early works to 1800.,1633
A21061,"A treatise of patience. Written by Father Francis Arias, of the Society of Iesus, in his second part of the Imitatio[n] of Christ our Lord. Translated into English","Arias, Francisco.; Arias, Francisco.; Tobie, Matthew, Sir, 1577-1655.",Widow of C Boscard,Saint Omer,Patience --  Early works to 1800.,1630
A22748,"The articles of peace agreed vpon, betwixt the two crownes of Great Brittaine and of France And the publication of the peace, made at Rouen, on Sunday, the 20. of May, last past, by the commandement of the French King, and the Queene his mother. Translated out of the French copy. = Les articles de la paix, accordeé entre le Roy de France & le Roy de la Grand' Bretagne. Ensemble la publication faite a Rouen, le dimanche vingtiesme de ce present mois, par le commandement du Roy & de la Reyne sa mere. A Rouen de l'imprimerie de Dauid du Petit val, imprimeur ordinaire du Roy. M.DC.XXIX. Auec priuilege du dict Seigneur. Together with two other relations. The one concerning the siege and taking of the towne of Priuas by the French King ... The others from the sieges of the Prince of Orenge, before the towne of Balduck, or the Bush.","England and Wales. Sovereign (1625-1649 : Charles I); England and Wales. Sovereign (1625-1649 : Charles I); Charles I, King of England, 1600-1649.; France. Treaties, etc. England and Wales. 1629-05-20. aut",Printed by Elizabeth Allde for Nicholas Bourne dwelling at the south entrance of the Royall Exchange,London,"France --  Foreign relations --  Great Britain --  Early works to 1800. -- Great Britain --  Foreign relations --  France --  Early works to 1800. -- Great Britain --  History --  Charles I, 1625-1649.",1629
A34245,"The confession of faith, of the Reformed Churches in the Netherlands with the formes which they use ... translated out of Dutch into English.","Brès, Guy de, 1522-1567.",Printed by the widow of Steven Swart,Amsterdam,Protestants --  Netherlands --  Early works to 1800. -- Reformed Church --  Creeds.,1689
A62972,"Torringtonia, or, A new copy of verses on the late sea engagement To a tune, Which no-body can deny.",Anonymous,Printed at the request of a Tarr For the diversion of the melancholly widows of Wapping,London,"Torrington, Arthur Herbert, --  Earl of, 1647-1716 --  Poetry --  Early works to 1800. -- Naval battles --  Early works to 1800. -- Beachy Head (England), Battle of, 1690 --  Poetry --  Early works to 1800. -- Grand Alliance, War of the, 1689-1697 --  Campaigns --  England --  Poetry --  Early works to 1800. -- Ballads, English --  17th century.",1690
A72264,"The touch-stone of the reformed Ghospell. Wherin sundry chiefe heads and tenets of the protestants doctrine (obiected by them commonly against the Catholicks) are briefly refuted. By the expresse texts of the protestants owne Bible, set forth and approued by the Church of England. With the ancient fathers Iudgments thereon, in confirmation of the Catholike Doctrine","Heigham, John, fl. 1639.; Heigham, John, fl. 1639.",printed by the widow of C Boscard Permisiu superiorum,St Omers,Church of England --  Doctrines --  Early works to 1800. -- Church of England --  Controversial literature --  Early works to 1800.,1634
A46231,A description of the nature of four-footed beasts with their figures en[graven in brass] / written in Latin by Dr. John Johnston ; translated into English by J.P.,"Jonstonus, Joannes, 1603-1675.; Jonstonus, Joannes, 1603-1675.; J. P.",Printed for the widow of John Jacobsen Schipper and Stephen Swart,Amsterdam,Animal behavior --  Early works to 1800. -- Zoology --  Pre-Linnean works. -- Natural history --  Pre-Linnean works.,1678
A08281,"The mirror of honor wherein euerie professor of armes, from the generall, chieftaines and high commanders, to the priuate officer and inferiour souldier, may see the necessitie of the feare and seruice of God, and the vse of all diuine vertues, both in commanding and obeying, practising and proceeding in the most honorable affayres of warre. A treatise most necessarie ...","Norden, John, 1548-1625?",By the widowe Orwin for Thomas Man,Printed at London,Soldiers --  Conduct of life --  Early works to 1800. -- Christian life --  Early works to 1800.,1597
A07160,A sacred poem describing the miraculous life and death of the glorious conuert S· Marie of Ægipt who passed fortie seauen yeares in the desarts leading a penitentiall life to the astonishment of all succeeding ages.,"Howard, Robert, 1597-1676.",Printed by the widow of M Wyon,Douai,"Mary, --  of Egypt, Saint --  Poetry --  Early works to 1800.",1640
A04587,"Dainty conceits with a number of rare and witty inuentions, neuer before printed. Made and inuented for honest recreation, to passe away idle houres. By Thomas Iohnson.","Johnson, Thomas, d. 1644.",Printed by E lizabeth A llde for Henry Gosson and Francis Coules,London,No Keywords,1630
A02128,"The honorable historie of Frier Bacon, and Frier Bongay As it was lately plaid by the Prince Palatine his Seruants. Made by Robert Greene, Master of Arts.","Greene, Robert, 1558?-1592.; Greene, Robert, 1558?-1592.",Printed by Elizabeth Allde dwelling neere Christ Church,London,No Keywords,1630
A06673,"The second part of the historie, called The nature of a woman contayning the end of the strife betwixt Perseus and Theseus. Compiled by C.M.","C. M., fl. 1596.; Middleton, Christopher, 1560?-1628, attributed name.",Printed by the Widow Orwin for Clement Knight and are to be sold at his shop at the little north doore of S Paules Church,At London,"Women --  Early works to 1800. -- Romances, English --  Early works to 1800.",1596
A02117,"Greenes newes both from heauen and hell Prohibited the first for writing of bookes, and banished out of the last for displaying of conny-catchers. Commended to the presse by B.R.","Rich, Barnabe, 1540?-1617.; Rich, Barnabe, 1540?-1617.; Greene, Robert, 1558?-1592.",Printed by widow Charlewood,At London,No Keywords,1593
A04703,The vnitie and scisme of the olde chirche,"Joye, George, d. 1553.",Widow of C Ruremond,Antwerp,Catholic Church --  Controversial literature --  Early works to 1800.,1543
A08140,"July 22. Numb. 41. More newes of the Duke of Brunswick Relating the late and full ouerthrow giuen by him to two regiments of Monsieur Tilly. The continuance of Bethlem Gabers warlike preparations. Some new propositions made by the emperour vnto him. Count Mansfields march out of Embdenland, vnto Meppen. With other newes of the Prince of Orang and Spinolaes last designes. Together with diuers other particulars, from seuerall places and the continuation of our former newes.","Butter, Nathaniel, d. 1664, publisher.; Sheffard, William, publisher.",printed by Eliot s Court Press for Nathaniel Butter and William Sheffard,London,"Tilly, Jean T'Serclaes, --  Comte de, 1559-1632. -- Thirty Years' War, 1618-1648 --  Early works to 1800. -- Europe --  History --  17th century --  Newspapers --  Early works to 1800.",1623
A02668,"A Christen exhortacion vnto customable swearers What a ryght [and] lawfull othe is: whan, and before whom, it owght to be. Item. The maner of sayinge grace, or geuynge thankes vnto God.","Coverdale, Miles, 1488-1568.; Bale, John, 1495-1563, attributed name.",Printed by the widow of C Ruremond,Antwerp,Swearing --  Early works to 1800. -- Oaths --  Early works to 1800.,1543
A01612,"The translation of certaine psalmes into English verse by the Right Honourable, Francis Lo. Verulam, Viscount St. Alban.","Bacon, Francis, 1561-1626.",Printed for Hanna Barret and Richard Whittaker and are to be sold at the signe of the Kings Head in Pauls Church yard,London,"Bible. --  O.T. --  Psalms --  Paraphrases, English.",1625
A01043,"Apophthegmes new and old. Collected by the Right Honourable, Francis Lo. Verulam, Viscount St. Alban","Bacon, Francis, 1561-1626.",Printed by J Haviland for Hanna Barret and Richard Whittaker and are to be sold at the Kings head in Pauls Chuch yard,London,Anecdotes --  Early works to 1800. -- Aphorisms and apothegms --  Early works to 1800.,1625
A04699,"George Ioye confuteth, Vvinchesters false articles","Joye, George, d. 1553.",By the Widow of C Ruremond,Printed at Wesill in Cliefe lande i e Antwerp,"Gardiner, Stephen, 1483?-1555 --  Early works to 1800. -- Faith --  Early works to 1800.",1543
A03306,"The spirituall fishing. A sermon preached in Cambridge by that reuerend and iudicious diuine, Mr Samuel Hieron. Printed by the true copie written with his owne hands a little before his decease. Luke 5. vers. 10. The last words of the verse","Hieron, Samuel, 1576?-1617.; Hieron, Samuel, 1576?-1617.; E. C., fl. 1618.",Printed by Iohn Beale for widow Helme and are to bee sold at her shop vnder St Dunstans Church in Fleet street,At London,"Sermons, English --  17th century.",1618
A04430,Our sauiour Iesus Christ hath not ouercharged his chirche with many ceremonies,"Joye, George, d. 1553, attributed name. aut",Widow of C Ruremond,At Zijrik i e Antwerp,Christian life --  Protestant authors --  Early works to 1800.,1543
A14783,"Albions England a continued historie of the same kingdome, from the originals of the first inhabitants thereof: and most the chiefe alterations and accidents there hapning: vnto, and in, the happie raigne of our now most gracious soueraigne Queene Elizabeth. VVith varietie of inuentiue and historicall intermixtures. First penned and published by VVilliam VVarner: and now reuised, and newly inlarged by the same author.","Warner, William, 1558?-1609.; Warner, William, 1558?-1609.",Printed by the widow Orwin for I oan B roome and are to be sold at her shop in Paules Church yard at the signe of the Bible,London,Great Britain --  History --  Poetry --  Early works to 1800.,1597
A12131,A contention for honour and riches. By I.S.,"Shirley, James, 1596-1666.; Shirley, James, 1596-1666.",Printed by E lizabeth A llde for William Cooke and are to be sold at his shop neere Furnivals Inne gate in Holborne,London,No Keywords,1633
A12152,The schoole of complement· As it vvas acted by her Maiesties Seruants at the Priuate house in Drury Lane. By I.S.,"Shirley, James, 1596-1666.; Shirley, James, 1596-1666.",Printed by E lizabeth A llde for Francis Constable and are to be sold at his shop in Pauls Church yard at the signe of the Crane,London,No Keywords,1631
A19890,The story of David and Berseba To a pleasant new tune.,Anonymous,by Elizabeth Allde for I Wright sen dwelling in Gilt spurre neere New gate,Printed at London,"Ballads, English --  17th century.",1635
A13918,"A frutefull treatis of baptyme [sic] and the Lordis Souper of the vse and effect of them, of the worthey and vnworthy receyuers of the souper, necessary to be knowne of all Christen men, which yerely receyue the sacrament.","Joye, George, d. 1553.; Joye, George, d. 1553.",Widow of C Ruremond,At Grunning i e Antwerp,Lord's Supper --  Early works to 1800. -- Baptism --  Early works to 1800.,1541
A10180,"The Church of Englands old antithesis to new Arminianisme VVhere in 7. anti-Arminian orthodox tenents, are euidently proued; their 7. opposite Arminian (once popish and Pelagian) errors are manifestly disproued, to be the ancient, established, and vndoubted doctrine of the Church of England; by the concurrent testimony of the seuerall records and writers of our Church, from the beginning of her reformation, to this present. By William Prynne Gent. Hospitij Lincolniensis.","Prynne, William, 1600-1669.; Prynne, William, 1600-1669.",Printed by Augustine Mathewes and Elizabeth Allde for Michael Sparke,London,Church of England --  Controversial literature --  Early works to 1800. -- Arminianism --  Controversial literature --  Early works to 1800.,1629
A15739,"A trial of the Romish clergies title to the Church by way of answer to a popish pamphlet written by one A.D. and entituled A treatise of faith, wherein is briefly and plainly shewed a direct way, by which euery man may resolue and settle his mind in all doubts, questions and controuersies, concerning matters of faith. By Antonie Wotton. In the end you haue three tables: one of the texts of Scripture expounded or alledged in this booke: another of the testimonies of ancient and later writers, with a chronologie of the times in which they liued: a third of the chiefe matters contained in the treatise and answer.","Wotton, Anthony, 1561?-1626.; Wotton, Anthony, 1561?-1626.",Printed by Richard Field for Elizabeth Burby widow and are to be sold at the signe of the Swan in Pauls Churchyard,London,"Fisher, John, 1569-1641. --  Treatise of faith --  Controversial literature --  Early works to 1800. -- Catholic Church --  Controversial literature --  Early works to 1800.",1608
A13415,"All the vvorkes of Iohn Taylor the water-poet Beeing sixty and three in number. Collected into one volume by the author: vvith sundry new additions corrected, reuised, and newly imprinted, 1630.","Taylor, John, 1580-1653.; Taylor, John, 1580-1653.; Cockson, Thomas, engraver.",Printed by I ohn B eale Elizabeth Allde Bernard Alsop and Thomas Fawcet for Iames Boler at the signe of the Marigold in Pauls Churchyard,At London,No Keywords,1630
A17328,"The rowsing of the sluggard, in 7. sermons Published at the request of diuers godlie and well affected. By W.B. Minister of the word of God at Reading in Barkeshire.","Burton, William, d. 1616.; Burton, William, d. 1616.",Printed by the Widow Orwin for Thomas Man,At London,"Sermons, English --  16th century.",1595
A12481,"Sermons of the Right Reuerend Father in God Miles Smith, late Lord Bishop of Glocester. Transcribed out of his originall manuscripts, and now published for the common good","Smith, Miles, d. 1624.; Smith, Miles, d. 1624.; Prior, Thomas, b. 1585 or 6.",Printed by Elizabeth Allde for Robert Allot dwelling at the Blacke Beare in Pauls Church yard,London,"Sermons, English --  17th century.",1632
A17888,"A spirituall combat a tryall of a faithfull soule or consolation in temptation. Written in French by I.P. Camus Bishope of Belley, and translated into English by M.C. P. of the Eng. Coll. of Doway.","Camus, Jean-Pierre, 1584-1652.; Camus, Jean-Pierre, 1584-1652.; Carre, Thomas, 1599-1674.",By the widowe of Mark Wyon at the signe of the Phoenix,At Doway,Temptation --  Early works to 1800.,1632
A13456,"The great eater, of Kent, or Part of the admirable teeth and stomacks exploits of Nicholas Wood, of Harrisom in the county of Kent His excessiue manner of eating without manners, in strange and true manner described, by Iohn Taylor.","Taylor, John, 1580-1653.; Taylor, John, 1580-1653.",Printed by Elizabeth Allde for Henry Gosson and are to be sold on London Bridge,London,"Wood, Nicholas, --  of Harrison, Kent. -- Food habits --  England --  Early works to 1800.",1630
A11365,The workes of Caius Crispus Salustius contayning the Conspiracie of Cateline The Warre of Iugurth. V. bookes of historicall fragments. II orations to Cæsar for the institution of a co[m]monwealth and one against Cicero.,"Sallust, 86-34 B.C.; Sallust, 86-34 B.C.; Vaughan, Robert, engraver.; Crosse, William, b. 1589 or 90.",Printed by Elizabeth Allde Are to be sould at the Eagle and Child in Brittaines Burse by Tho Walkley,London,No Keywords,1629
A11557,"The defence of the mariage of preistes agenst Steuen Gardiner bisshop of Wynchester, Wylliam Repse bisshop of Norwiche, and agenst all the bisshops and preistes of that false popissh secte, with a confutacion of their vnaduysed vowes vnaduysedly dissined: whereby they haue so wykedly separated them whom God cowpled in lawfull mariage. Made by James Sawtry.","Joye, George, d. 1553.; Joye, George, d. 1553.; Sawtry, James.",By Jan Troost i e widow of C Ruremond,Printed at Auryk i e Antwerp,"Gardiner, Stephen, 1483?-1555 --  Early works to 1800. -- Rugg, William, d. 1550 --  Early works to 1800. -- Catholic Church --  Controversial literature --  Early works to 1800. -- Celibacy --  Early works to 1800.",1541
A18917,"An epistle discoursing vpon the present pestilence Teaching what it is, and how the people of God should carrie themselues towards God and their neighbour therein. Reprinted with some additions. By Henoch Clapham.","Clapham, Henoch.; Clapham, Henoch.",Printed by T C reede for the Widow Newberry and are to be sold at her shop in Pauls Church yard at the signe of the Ball,London,Plague --  England --  London --  Early works to 1800.,1603
A39932,"Aytokatakritos or, the sinner condemned of himself being a plea for God, against all the ungodly, proving them alone guilty of their own destruction; and that they shall be condemned in the great day of account, not for that they lacked, but only because they neglected the means of their salvation. And also, shewing, how fallacious and frivolous a pretence it is in any, to say, they would do better, if they could; when indeed all men could, and might do better, if they would. By one, that wisheth better to all, than most do to themselves.","Ford, Thomas, 1598-1674.; Ford, Thomas, 1598-1674.",printed for Edward Brewster and are to be sold by Giles Widowes at the Maiden head over against the Half Moon in Aldersgate street near Jewen street,London,"Sin --  Early works to 1800. -- Theology, Doctrinal --  Early works to 1800.",1668
A30463,"Some letters, containing an account of what seemed most remarkable in Switzerland, Italy, some parts of Germany, &c. in the years 1685 and 1686 written by G. Burnet, D.D. to the Hoble. R.B. ; to which is added, An appendix, containing some remarks on Switzerland and Italy, writ by a person of quality, and communicated to the author ; together with a table of the contents of each letter.","Burnet, Gilbert, 1643-1715.; Burnet, Gilbert, 1643-1715.",Printed for the Widow Swart Bookseller in the Beurs Stege,Amsterdam,Switzerland --  Description and travel. -- Italy --  Description and travel. -- Europe --  Description and travel. -- Europe --  Description and travel --  Early works to 1800.,1688
A34966,Dr. Stillingfleets principles giving an account of the faith of Protestants / considered by N.O.,"Cressy, Serenus, 1605-1674.; Cressy, Serenus, 1605-1674.",Printed at Paris by the widow of Antonie Christian and Charles Guillery,Paris,"Stillingfleet, Edward, 1635-1699. -- Protestantism --  Controversial literature.",1671
A20440,A conference with a lady about choice of religion,"Digby, Kenelm, Sir, 1603-1665.; Digby, Kenelm, Sir, 1603-1665.",Widow of J Blagaert,Printed at Paris,Catholic Church --  Apologetic works.,1638
A20686,"The patterne of painefull aduentures Containing the most excellent, pleasant and variable historie of the strange accidents that befell vnto Prince Apollonius, the Lady Lucina his wife, and Tharsia his daughter. Wherein the vncertaintie of this world, and the fickle state of mans life are liuely described. Gathered into English by Laurence Tvvine Gentleman.","Twyne, Thomas, 1543-1613, attributed name.; Twyne, Laurence.",By Valentine Simmes for the widow Newman,Imprinted at London,"Shakespeare, William, 1564-1616. --  Pericles --  Sources --  Early works to 1800. -- Romances, Latin (Medieval and modern) --  Early works to 1800. -- Apollonius of Tyre (Fictitious character) --  Early works to 1800.",1594
